{
  "test_accuracy": 0.8141,
  "test_roc_auc": 0.8705,
  "val_accuracy": 0.8171,
  "val_roc_auc": 0.8642,
  "cv_auc_mean": 0.8602,
  "cv_auc_std": 0.0091,
  "train_size": 15206,
  "val_size": 3259,
  "test_size": 3259,
  "class_weights": {
    "0": 2.041073825503356,
    "1": 0.66222454490027
  },
  "top_fake_words": [
    [
      "trump",
      -4.513582292638392
    ],
    [
      "report",
      -4.250784649660217
    ],
    [
      "breaking",
      -4.057136132964819
    ],
    [
      "brad",
      -3.708379303000202
    ],
    [
      "caitlyn",
      -3.2117541557132494
    ],
    [
      "jennifer",
      -2.9754711958344084
    ],
    [
      "jenner",
      -2.9187992890548795
    ],
    [
      "angelina",
      -2.9029427538275976
    ],
    [
      "despite",
      -2.8601064911796965
    ],
    [
      "kanye",
      -2.82869177219992
    ],
    [
      "react",
      -2.7867590962033586
    ],
    [
      "pitt",
      -2.7438560027615817
    ],
    [
      "rumors",
      -2.7040764598093046
    ],
    [
      "brad pitt",
      -2.666272993417804
    ],
    [
      "rihanna",
      -2.6381785728284504
    ],
    [
      "pattinson",
      -2.6136743242471296
    ],
    [
      "beyonce",
      -2.579458779516979
    ],
    [
      "caitlyn jenner",
      -2.5201414562839597
    ],
    [
      "celebrities react",
      -2.497958326388085
    ],
    [
      "obama",
      -2.368735951391293
    ]
  ],
  "top_real_words": [
    [
      "season",
      3.216010374674637
    ],
    [
      "best",
      2.5592990191195604
    ],
    [
      "awards",
      2.5278172820399423
    ],
    [
      "shares",
      2.218678258526075
    ],
    [
      "birthday",
      2.1504573000178984
    ],
    [
      "watch",
      1.98195698501262
    ],
    [
      "celebrates",
      1.889199696306704
    ],
    [
      "cardi",
      1.855214562405789
    ],
    [
      "style",
      1.8509714411421305
    ],
    [
      "dress",
      1.8453106912779431
    ],
    [
      "bachelor",
      1.8320585733075194
    ],
    [
      "beauty",
      1.7589898814012375
    ],
    [
      "time",
      1.750282061691052
    ],
    [
      "sweet",
      1.746022623067479
    ],
    [
      "cast",
      1.7254568412748335
    ],
    [
      "transcript",
      1.7186695817211077
    ],
    [
      "finale",
      1.6722495470715069
    ],
    [
      "son",
      1.6704043344295476
    ],
    [
      "makes",
      1.6516993719533417
    ],
    [
      "bachelorette",
      1.6389798376975566
    ]
  ]
}